Idade,Renda,Score_Credito,Inadimplencia,Emprestimos_Ativos,Tipo_Emprego,Tempo_Residencia,Imovel_Proprio,Aprovacao_Credito
56,1787.107359484855,772.6963851233405,0,2,0,11,0,1
69,5406.927271734447,560.0363814385398,0,4,1,3,0,1
46,3487.2985094313935,622.4684725751886,1,2,1,27,0,1
32,2155.492580804652,693.259083187309,0,3,2,12,1,1
60,3706.854231514947,458.16342670669684,1,2,0,16,0,1
25,2836.90399277121,423.9191188019224,0,4,2,26,0,1
38,8374.28327014513,447.4343685429905,0,0,1,7,0,1
56,6763.279513898901,726.2584103427182,0,4,1,25,0,1
36,4984.0547173667655,544.8141854107553,0,0,0,19,0,1
40,7959.888277780052,855.8199285668252,0,1,1,2,1,1
28,5154.736615295236,543.5752401342611,0,4,0,11,1,1
28,3277.4315973434727,618.4551303197037,0,4,1,6,1,1
41,8046.248154539315,754.2109952567876,1,3,1,11,1,1
53,6077.820087369318,800.6092888159124,0,2,1,1,1,1
57,2925.507691347087,806.1503576636399,0,0,1,23,0,1
41,4619.322643832784,720.8366230593142,0,0,1,13,1,1
20,3248.7634932304854,702.4062525811462,0,3,1,21,1,1
39,2234.400538071328,659.2526949201183,0,3,2,22,1,1
19,6852.3550950632825,677.8361076166638,0,2,1,29,1,1
41,8818.83328094026,544.8814283671467,0,2,0,4,0,1
61,2202.8648523617176,518.1801116577693,0,4,0,8,1,1
47,6125.938473381142,599.6625542589048,0,1,1,20,1,1
55,3698.714861756346,582.9815377475071,0,2,1,10,1,1
19,4025.749232470608,554.6771950672725,1,3,0,4,0,1
38,3815.2121515222616,669.6387447456715,1,2,0,2,0,1
50,3272.018460640368,695.5305208570511,0,0,0,26,0,1
29,5097.043255889654,608.8406886291847,0,1,0,16,1,1
39,3338.099767177924,747.7530081055262,0,4,2,1,0,1
61,5540.913651559677,485.8310885866495,0,0,1,23,0,1
42,4899.523781101726,580.6340540720282,0,0,1,0,1,1
66,4522.103906267181,528.3177679397195,0,1,0,6,0,1
44,3184.872675916804,413.346338292694,0,4,1,29,1,1
59,3846.4573388633344,602.5207558773961,0,3,0,13,0,1
45,6510.782451651512,587.8252491616716,0,4,1,4,1,1
33,6001.834375248762,751.3449743242131,1,2,1,18,1,1
32,5261.583269565084,663.0811684554777,0,0,0,27,1,1
64,5198.664610858452,497.5813175670795,0,2,1,27,1,1
68,6502.774246743578,785.4092566334189,1,3,1,10,0,1
61,1661.1894377572567,722.1033695525352,1,2,1,22,0,0
69,6086.72038475987,658.2097703468615,0,4,0,24,0,1
20,3674.7524821083066,577.3515901150168,0,2,1,1,1,1
54,6141.197337186319,504.056076327652,0,3,0,7,1,1
68,3473.4816869149663,562.7793223928948,1,3,1,8,0,1
24,1390.2357986709621,708.8748619704186,1,3,0,26,1,1
38,1744.9151242336748,788.4586305934608,0,4,0,2,0,1
26,5096.1698933227635,754.324352827219,0,3,1,1,1,1
56,5519.445003442964,551.1150578213726,0,0,1,6,1,1
35,3191.366749791183,488.0382566710989,0,3,1,4,0,0
21,5261.583269565084,614.0886246911203,0,2,0,20,0,1
42,1676.9598754620802,423.15606344371486,1,2,1,25,0,1
31,4867.840402705367,632.3167714184782,0,2,0,4,1,1
67,2577.967600475087,585.2397413701332,1,4,1,19,1,1
26,3696.3277843956816,553.3963498131758,1,2,1,12,0,0
43,5094.797342632828,440.52969327332045,0,4,1,20,0,1
19,3279.1732694320954,651.3600106569717,0,4,1,28,0,1
37,4230.888911540349,546.7299160338089,0,3,1,19,1,1
45,7012.585618428881,483.00831642897117,0,0,0,28,1,1
64,3846.2162609537027,312.7737786718351,0,3,0,5,0,1
24,6671.384224130284,597.2485094949363,0,3,1,19,1,1
61,2740.5862906847638,777.2251596669744,0,4,2,17,1,1
25,6059.608355830565,766.125921454787,0,4,0,24,0,1
64,7883.137241315801,554.2903743413729,0,2,2,1,0,1
52,1000.0,539.778793963822,0,2,1,24,1,1
31,3406.2094890590465,646.8774256075023,0,3,1,25,1,1
34,6154.14425436108,500.16145608117085,0,1,1,5,0,1
53,4593.909227914015,630.1791899819466,0,1,0,8,0,1
67,5742.291746742618,676.6080278384691,0,2,1,24,0,1
57,3792.029626568359,722.6933223884307,0,1,1,2,1,1
21,5173.1795749458,589.9845923520047,0,2,1,0,0,1
19,4688.645529215841,579.6326249823035,0,4,1,0,0,1
23,7335.564123319615,512.2017413243439,0,3,0,18,1,1
59,5508.841686602426,517.311964596014,1,0,1,4,1,1
21,5675.2053241504045,577.3521108098473,0,3,1,12,0,1
46,4176.246067755065,636.7365506816178,0,2,0,18,0,1
35,4024.7875518550127,691.358462623325,0,2,2,11,1,1
43,4134.883624360758,519.6821049319656,0,3,0,15,0,1
61,5788.904284756593,749.2688568959522,0,2,2,24,0,1
51,4158.031038359474,572.8876398957432,0,1,0,24,1,1
27,5579.549713792826,597.8632705651564,0,1,1,18,0,1
53,9150.801597290878,525.2788320852177,0,2,1,2,1,1
31,6742.249406863384,357.5759739727058,0,2,0,11,1,1
48,4347.952935664318,688.404539636105,0,1,0,29,0,1
65,7402.427844327889,673.6843897092433,0,2,0,4,0,1
32,4183.849253956897,571.8672442881787,1,2,1,1,1,0
25,1000.0,606.6990717224872,0,3,1,21,1,1
31,2983.827378165192,651.5939217704099,0,0,1,6,1,1
40,1258.4161579482889,443.7454143113457,0,1,1,12,1,1
57,4296.973031917382,547.0947322653706,0,3,1,24,0,1
38,5036.836758379103,679.4264679621828,0,0,0,14,1,1
33,8352.874624550564,474.5710576830751,0,2,1,21,0,1
62,5653.854747528325,629.355793216663,0,2,1,2,0,1
35,4561.798942382272,464.3418195376595,0,3,1,27,0,1
64,6658.811162366978,646.6429982433526,0,2,0,20,0,1
41,1000.0,596.4358517702516,0,4,1,19,1,1
43,5471.229116217132,438.48681840944903,1,3,1,4,0,1
42,6541.730387773934,716.4739354457172,0,0,1,23,0,1
62,2042.8275084403167,526.5408423201951,0,3,1,7,0,1
58,7287.508086413858,518.9747562985619,0,1,2,21,1,1
46,5676.992814988828,620.0569197230943,0,3,2,0,1,1
32,4169.424172198397,714.8637349428715,0,2,1,7,0,1
62,6265.563732212569,498.4178181021603,0,2,1,23,0,1
18,9541.38571560879,606.1679849847972,0,4,0,17,0,1
42,5363.73251011699,642.8816500330573,0,4,1,19,1,1
24,5496.441172600672,669.3105607263144,0,4,1,27,1,1
26,4081.2782009195116,617.6441555277225,0,0,1,15,1,1
41,3300.3112610704165,563.2972160916678,1,4,2,17,1,1
18,6660.671633088491,517.2409779351281,0,0,1,19,0,1
61,3287.8323481822654,608.6143883046375,0,4,1,11,1,1
25,5143.132474438785,492.7860988014393,0,0,0,12,1,1
41,4044.6851064697667,307.86495165053924,0,3,1,12,0,1
28,5957.959651492783,643.6559804157667,0,3,1,9,0,1
68,5667.324210573896,690.3934841086195,0,2,2,6,1,1
34,7075.079888515798,363.70675644581615,0,0,1,24,1,1
25,3979.967202290506,499.0269295290062,0,1,0,13,0,1
52,4460.250129413257,661.9154261005198,0,2,1,29,1,1
52,3042.4725684353853,805.7495469711698,0,3,1,23,1,1
50,4111.413479847777,602.0793707675408,0,0,1,15,0,1
22,5754.600986089705,527.1997058770866,0,4,1,14,0,1
59,6513.977233290703,581.710355889516,0,1,1,11,0,1
56,3155.6693516447494,737.4876419148185,0,3,0,8,1,1
58,6739.21184021132,535.4035820875465,1,2,1,7,0,1
45,5261.583269565084,520.0807993349747,1,0,1,17,0,0
24,5261.583269565084,551.7256477817967,1,1,1,22,1,0
26,8753.591625116132,504.66713917412875,0,0,0,17,1,1
25,3452.421601792854,612.2670315994795,0,4,1,12,0,1
29,2510.690593377166,762.467845846956,0,2,1,27,0,1
51,1442.5595021914428,632.307927311603,0,0,1,26,0,1
50,7992.088622978366,574.7646497873712,0,3,1,17,1,1
65,6308.731312708115,570.8188731084456,1,2,1,14,1,1
40,4888.83065817909,443.6809191303343,1,3,0,3,0,0
41,5559.93725263964,688.3109777147159,0,0,1,16,1,1
54,2749.021905403247,592.2162802987198,0,2,1,4,1,1
52,9891.503959233652,581.9520086409375,0,3,1,21,1,1
61,5258.442363950455,900.0,1,4,0,15,1,1
57,5218.789589209786,629.8752908365686,1,4,1,8,0,1
39,6451.533247797384,524.8208949904815,0,0,1,9,0,1
44,5962.018463473427,557.3642403794456,0,2,1,23,1,1
52,5447.768048558262,714.8445709196754,1,1,1,17,1,0
18,3419.0510891093763,611.3270410537765,0,2,1,16,1,1
52,5942.936714271991,456.1722021682633,0,4,1,17,0,1
54,8764.048992950067,691.9228934575203,1,3,1,6,1,1
64,7690.840092309955,533.1855914461006,0,1,1,3,1,1
31,10054.527893995146,787.3297776217546,0,0,1,25,0,1
20,3977.56864713763,708.0048065714649,0,1,1,4,0,1
18,3020.7903594828385,555.2678104341248,0,0,1,27,1,1
22,4748.426159800703,728.1016361735112,1,1,0,22,1,1
43,5111.449824577389,602.5207558773961,0,0,2,15,0,1
31,7188.383036941897,685.277367512222,1,0,2,2,1,1
56,1615.070740570361,648.4732817294475,0,1,0,25,0,1
44,10054.527893995146,515.3643345009126,0,1,0,17,0,1
26,4683.984202842021,535.6450167682538,0,0,0,28,1,1
32,4146.23786010516,702.9960817581161,0,4,1,22,1,1
32,5261.583269565084,566.5224667893459,0,1,0,20,1,1
43,1690.2866562684612,559.6351536758003,0,2,1,13,1,1
59,6646.341167923829,504.4877420650647,0,3,1,14,0,1
30,5146.635934376808,642.3599065593461,0,0,0,16,1,1
68,2420.078200517892,806.2524919243144,0,0,1,0,0,1
49,2409.842455872768,493.2467085745727,0,3,1,24,0,1
56,4328.430601419744,602.4219456672758,0,4,2,20,0,1
66,8338.043050578786,741.2220555415429,0,3,1,16,0,1
69,4480.817297272791,592.0358608754285,0,1,1,22,0,1
49,1993.7140937637878,645.2371796249734,0,3,2,24,0,1
21,4508.513871828111,493.760647185312,0,0,0,10,0,1
47,4454.552860504659,642.8307097207648,0,3,1,16,0,1
54,1000.0,581.2855734995451,1,2,1,25,1,1
40,4891.410266964375,698.5729995679862,0,1,1,13,0,1
56,4538.130939582644,718.7386051564752,0,3,0,28,0,1
62,6392.412729626836,858.9563642018613,0,0,1,19,1,1
32,8697.91218989069,657.9633173213575,0,1,1,29,1,1
60,7253.130059095514,602.5207558773961,0,0,1,18,1,1
46,4462.222618890339,619.4384301577336,0,4,1,20,0,1
53,2786.9481825166595,564.6833707189312,0,2,2,6,1,1
30,10054.527893995146,633.8483843461692,1,4,1,23,0,0
49,5261.583269565084,570.4598589860971,0,2,0,12,0,1
24,5027.858583825892,616.8460976269614,0,3,1,17,0,1
68,4951.749825779993,731.759753560796,0,1,0,22,1,1
39,5396.1695215357095,499.3457434720359,0,3,2,29,0,1
45,4711.279176152115,713.9878561129045,0,2,1,13,0,1
19,3852.6759862395274,731.7115067339865,0,2,1,0,0,1
59,3906.2821175192157,588.1931473008922,0,2,1,6,1,1
62,4934.493459568003,387.81451009914053,1,0,0,7,1,0
23,3913.1504577324704,602.5207558773961,0,1,1,17,0,0
45,3574.3084346456712,729.6994546561109,1,3,0,8,1,1
45,5212.860455383794,597.7131937701118,0,3,0,0,1,1
61,4490.04556515829,500.06977677050895,0,4,0,28,1,1
61,8007.985977165377,549.5225078771782,0,2,0,21,0,1
37,1000.0,684.0620026504553,1,2,1,16,1,1
47,7183.013703844923,654.6733568201379,0,2,1,18,0,1
28,7492.170384995258,576.1067900830305,0,3,1,26,1,1
45,1000.0,563.3175588185312,0,4,2,5,0,1
42,4314.624811839302,560.8241850956178,0,0,0,2,0,1
56,4257.118268008417,507.75898155014977,0,1,0,23,0,1
50,2184.9766105643575,761.5375689469442,0,0,1,4,1,1
18,3444.3666248182494,567.767953078866,0,3,1,1,0,1
44,2778.8483090683426,721.7158520825496,0,2,0,19,1,1
69,8504.540886847246,752.1316051922452,0,1,1,24,0,1
30,6871.356786294922,699.8310898147961,0,3,1,3,1,1
58,7543.110189988318,602.5207558773961,0,3,0,9,1,1
20,6443.34412808647,640.373009033661,1,3,1,9,1,0
56,2741.8964575655414,597.5804393609084,0,1,1,23,1,1
23,3950.9594674404525,509.6298139269872,0,1,1,20,1,1
25,5261.583269565084,632.4359281721603,0,4,1,10,0,1
44,2555.7443822161094,482.09602088401977,0,4,2,26,1,1
26,6425.996860344776,718.7679388461563,0,0,1,15,0,1
54,4519.34920368373,553.5382702701606,1,1,1,25,1,0
50,4250.358384900805,620.1159655872839,0,1,1,28,1,1
68,6421.919936406983,628.3287871546142,0,1,0,28,0,1
59,5888.526622972079,574.1095026295923,0,4,1,29,0,1
61,4278.06766836184,658.6693801475275,0,3,1,16,0,1
41,7318.659606728496,552.5096343377476,0,2,1,15,1,1
32,2837.8733448002054,687.1297297457244,1,4,1,6,1,1
49,6231.871213888528,465.40203197532514,0,1,1,15,1,1
49,6186.202515936768,612.6379579546411,0,4,0,2,1,1
41,4380.90712137202,793.8928999058285,0,0,0,25,1,1
58,5652.266044484236,499.96686753944255,0,1,1,15,0,1
69,2497.7728472293943,532.2255029475149,0,0,1,7,0,1
66,6848.054038413802,651.3907849658915,0,1,2,29,1,1
66,4630.195727114022,617.9581781939598,0,4,1,11,1,1
69,3954.553958961921,635.0630099273559,0,3,0,2,1,1
29,7098.018451673779,648.9187130147664,0,2,1,16,0,1
56,3591.3126189144814,663.472146856177,1,0,2,20,0,1
19,2183.0774072728805,710.9699841956224,0,4,0,17,0,1
20,1886.7416529521925,640.9818656928512,0,3,2,10,0,1
66,6212.01990269128,575.8742345381457,0,4,0,3,0,1
54,2439.1412950074337,667.2573701202731,0,0,1,15,1,1
66,8509.588363968729,789.9881934895216,0,2,2,16,0,1
34,1000.0,586.7366253617427,0,4,1,8,1,1
66,8392.912736580076,502.54706953293584,0,1,1,5,0,1
19,5422.0349344052365,710.7080669286972,0,3,0,23,1,1
19,4806.573776259215,587.9618836046402,0,4,0,26,0,1
45,3910.1618263821006,382.73304539859635,0,3,2,19,0,1
40,5798.2722287041415,602.5207558773961,1,1,1,24,0,1
54,4924.730595150303,546.4671814046077,0,2,0,1,1,1
49,7206.603764033043,590.9466717695839,0,2,0,8,1,1
50,5228.455297324079,633.1980330569014,0,1,1,27,0,1
18,5300.603522923755,619.0499679779066,0,3,1,20,0,1
36,4272.775575572288,670.9451817139039,0,4,1,28,1,1
19,4886.108752557865,556.4513629430156,1,1,1,5,0,0
61,5615.603537784118,651.3105798176083,1,0,2,2,0,1
43,1579.6632146867487,574.0453322416083,0,3,0,19,1,1
49,2303.629155788574,673.8810480887503,1,2,0,5,1,0
23,6486.5281880454295,661.5367484013053,1,1,2,6,0,1
49,5341.730876255884,506.45612979554045,1,2,1,0,0,1
21,4632.033327294642,708.5982116175032,1,3,0,22,1,1
28,5036.867866130787,546.4036554885952,0,2,1,0,0,1
34,5695.163410723342,680.8057798281145,0,1,0,4,0,1
55,3920.480639381277,636.7287313401341,0,3,1,5,1,1
41,3443.3905491953747,783.8183676795122,0,0,2,12,1,1
22,5391.6905101953635,577.6534017628148,1,1,1,1,0,1
69,3043.2544447699356,565.0683203881803,0,4,1,14,1,1
51,5816.5055114289435,598.0580394112268,0,1,0,14,1,1
23,1594.8327915243194,569.6820217165724,1,3,1,12,0,0
39,7058.311274651287,679.994190194205,1,1,0,25,1,1
28,5945.194964826086,438.3689391563412,1,0,1,24,0,1
65,5512.059468627751,494.6317580853646,0,0,0,13,0,1
33,6965.381967891028,493.2197078420807,0,4,1,25,1,1
50,8330.948888925153,695.0307591973576,0,2,1,21,0,1
26,7028.740130036261,771.0613372581926,0,3,1,6,0,1
23,1318.2515373367096,589.5550781462529,0,3,1,13,0,1
33,2440.846066528597,583.117827680999,0,2,1,25,0,1
46,3750.3628446086423,607.0052163113181,0,0,1,23,1,1
20,5052.182100421667,716.187830260819,0,0,1,26,1,1
37,6035.318040938246,507.26468658094257,0,1,1,28,1,1
53,3548.512373693069,623.8368982734785,0,4,1,9,0,1
36,5373.533528954156,697.519762978243,0,4,0,16,0,1
43,3489.234135293355,650.1094169939845,0,4,1,13,0,1
20,3776.9643940161036,618.9581616598743,0,1,1,7,0,1
36,2186.6778063035554,700.1046092567141,0,4,0,3,0,1
37,3153.5335077781915,329.6767707000763,0,2,1,25,1,1
49,2296.630788767333,667.7875319530908,0,1,0,15,1,1
24,3048.2534940453343,534.5924316872577,1,2,1,23,1,1
69,7107.2835932156795,416.9367103143543,0,1,1,12,0,1
58,3101.2022223361137,651.120259952498,0,4,1,21,1,1
50,10054.527893995146,737.3658545162957,0,2,0,26,0,1
57,5986.635801761779,586.2551485372309,1,2,0,24,0,1
56,5369.672247389748,695.2874547202939,0,2,1,26,1,1
35,3283.284439637573,761.2278257988646,0,1,1,19,1,1
57,6400.619758817983,731.4914453584047,1,3,2,17,0,1
18,3848.7243475244522,763.9964529371393,0,4,1,13,0,1
28,5244.019629290723,674.2127491071892,0,2,1,17,0,1
45,10054.527893995146,602.5207558773961,0,3,2,4,1,1
42,4807.8802005507005,439.8034188102831,0,4,0,25,0,1
67,7298.546652571351,575.3937511870051,0,4,1,8,1,1
40,3593.6471497482253,515.6753404683808,0,2,0,27,0,1
48,4930.0230190060765,817.0942717497813,1,2,0,2,0,1
47,8541.60127127102,582.4114187567664,1,1,1,7,0,1
59,3746.0658844244654,612.3204806784486,0,3,1,19,1,1
52,8624.897115993857,655.1485376040467,0,3,1,21,0,1
24,6415.50387091095,604.3602446372454,0,2,2,9,1,1
33,3875.066448211465,769.5051040430753,1,4,0,21,1,1
43,5261.583269565084,537.7350638265548,1,2,1,18,1,1
65,6945.10889925346,619.4607455237243,0,4,0,29,1,1
69,6243.619924434393,525.7529414301952,1,4,1,20,1,1
66,1859.550560219087,467.99774887792944,0,2,1,27,1,1
19,3545.725648350263,538.8230909094715,0,0,1,2,1,1
18,4504.9627288969905,596.2963202951588,0,3,1,10,0,1
65,4851.133141799907,557.069777548274,0,4,0,10,0,1
29,6241.344195101356,530.7579020126144,0,4,1,16,0,1
22,5355.402001866508,459.3682536328166,0,0,0,15,0,1
54,2329.3112825797975,591.6894427371305,0,1,1,6,0,1
49,5760.395702011927,449.5279625968998,1,0,1,3,1,0
26,6221.171490567646,676.0055963689603,0,0,2,29,0,1
58,6119.58089586208,608.2439752934504,0,4,1,22,0,1
52,7161.5614511092435,454.244850053507,0,3,1,18,1,1
36,6667.844309097808,569.0790922950137,0,0,1,11,0,1
65,5918.360158456873,524.7843594409417,0,1,0,14,0,1
33,4859.668577082706,631.9174510419181,0,2,1,10,0,1
20,1678.0781329680171,734.0450446023144,0,0,1,4,0,1
37,5859.236438265172,412.4827530354255,0,0,1,4,0,1
41,5415.375374326222,611.5026079147417,0,1,1,14,1,1
50,5543.157674390747,583.9867204433359,0,3,0,28,1,1
41,2446.502848359381,667.1340076450466,0,0,1,17,0,1
69,2837.886919183475,621.3196628237689,0,0,1,10,0,1
28,7106.3057066658075,524.8030668261181,0,3,1,25,0,1
66,4920.88969228669,568.0946064333382,1,1,1,11,1,1
25,6363.001394745249,520.397414319651,0,0,2,1,0,1
53,5056.636752260923,707.6007138598599,0,3,1,19,0,1
55,5059.51227899149,602.1311648671942,0,0,2,14,1,1
57,6876.567611951996,790.1190685753007,0,2,1,19,0,1
37,3967.9105435652523,593.933918618538,0,4,1,3,0,1
52,5192.241553881967,529.1593233089537,1,2,0,21,0,1
65,4075.4494225899152,448.6285607387173,1,0,1,17,1,0
42,4131.007545135369,419.6860323744055,1,1,0,5,1,0
52,4381.6557530627215,441.586405699451,0,4,2,22,1,1
42,5444.267543267426,626.7126651011483,0,2,1,26,0,1
46,4042.5027566730455,650.8725023229933,0,3,1,25,1,1
35,7511.512251147042,441.88092979678663,0,1,0,18,1,1
63,3210.785395560992,689.5038314076115,0,2,1,10,1,1
35,4626.256711677282,551.693894831656,0,3,1,27,0,1
19,4120.5378834516505,614.679301198555,1,0,1,23,1,0
52,7893.955768707466,761.2220628255425,0,3,1,1,0,1
33,5393.10955302315,689.6839315865532,0,2,0,26,0,1
58,7063.68907893727,573.1469352094168,0,2,1,7,1,1
53,2028.8792539260562,602.5207558773961,0,0,1,28,0,1
50,5534.100531738518,384.8184598670695,0,3,0,10,1,1
21,6779.261591246874,528.084668075758,0,3,1,4,0,1
50,5164.567978550848,578.8869761172306,0,0,1,17,1,1
31,7130.960750130702,501.2820472848816,0,3,0,22,1,1
38,3965.4230997992554,586.8743032907695,1,0,1,29,1,1
65,7818.69488037116,607.6851882958769,1,1,0,17,0,1
37,9597.7962472385,577.5144018191921,0,2,0,13,0,1
25,4274.322879120682,534.999741917654,0,1,1,21,1,1
24,4108.994957198456,616.8654671966727,1,4,1,9,0,1
20,7906.768954235402,644.1940649569409,1,4,1,2,1,0
34,8159.144291461425,490.9600922557154,0,4,1,8,1,1
50,3954.2799456934636,741.0932379746271,0,0,0,2,0,1
65,4159.626365808285,590.1411867715739,0,3,0,10,0,1
29,4436.430782278985,601.8849622944848,1,1,1,11,0,1
68,2311.098977931446,670.8214423256557,1,1,0,11,1,0
39,3162.696107031604,623.3216131263501,0,1,2,2,0,1
39,2991.718466495864,695.3136633913246,1,1,2,20,0,0
63,3464.4048697917433,628.7124165201824,0,4,1,6,0,1
47,4930.630225226438,538.7562625359562,1,1,1,13,1,1
55,5468.429465073042,636.1503525206101,0,3,1,23,0,1
55,8101.000985628154,485.6273792679338,1,4,2,27,0,1
62,3003.291918522418,610.8559705776523,0,1,1,10,1,1
68,6968.644796953167,596.6770009355539,0,0,1,6,1,1
25,4572.0223115489825,579.1883142727461,0,2,1,24,1,1
44,4901.072580695134,587.1462488561069,1,2,1,20,0,1
44,6349.638984333207,411.8150954502361,1,2,1,9,0,1
51,2754.555956875403,545.1275092259039,1,4,2,10,1,1
38,5764.819492368101,609.2844901141115,1,1,1,14,0,1
47,5332.904416426112,615.98563919974,0,4,1,18,1,1
50,5984.902528016299,497.23248590740417,0,3,1,15,1,1
45,5578.337287815636,726.5707840864701,0,0,1,21,0,1
64,9910.600279821789,513.38251517855,0,0,1,20,1,1
50,3724.520031497368,696.9457200526737,0,2,1,27,1,1
22,3938.0060899963646,642.7194361871685,0,2,1,19,0,1
65,3753.718947150471,535.3772690156197,0,2,1,11,1,1
36,3889.0457616794906,777.5310892609511,0,1,1,17,0,1
21,3725.2257453869647,480.636316824352,0,3,1,22,0,1
52,7378.033062215103,691.9154173610002,0,3,2,12,0,1
66,7841.00849597971,700.0582318042979,1,3,2,4,1,1
34,3858.5074125010474,532.9379790923355,0,3,1,3,1,1
61,3335.2888537915424,739.2465300064329,1,2,1,27,1,0
45,5942.831112772808,574.9953485401047,0,0,2,13,0,1
47,5261.583269565084,628.8693629279857,0,2,1,7,1,1
46,6265.863635511021,626.0321838771221,0,3,0,8,0,1
63,5405.846041702599,586.5691258529453,0,2,2,24,1,1
23,1968.5117700055362,681.0808273159782,0,3,1,18,0,1
52,8095.010402660124,679.3488720552212,0,4,1,2,0,1
58,8591.755346191043,425.1468026761819,0,0,2,4,0,1
54,3774.4226190312274,730.4340242878152,0,4,1,20,1,1
41,4224.596880128031,433.7508011964326,0,1,1,25,0,1
46,5571.73078144981,703.2546204341658,0,2,1,17,1,1
66,5668.91357997405,712.6705136827584,0,1,1,0,0,1
63,6317.088545345661,490.9033569784802,0,2,0,7,0,1
48,9020.409077532699,558.9185712045415,1,4,0,18,0,0
52,4646.105545011901,489.4295331514064,0,3,2,16,1,1
50,3403.4055109230926,578.5078969711265,0,3,1,16,1,1
69,2241.3615439709456,569.1965715814259,1,2,1,10,0,1
38,3538.139920116162,677.966053226934,0,3,1,1,0,1
49,4933.746054252406,731.0308746119608,0,4,1,5,0,1
40,8589.115727035576,739.5683810789956,0,3,1,21,1,1
50,3964.777401927657,543.7831973421698,0,4,2,13,0,1
20,5447.575903277797,579.0778126255473,0,1,0,2,1,1
35,4967.154207854496,431.656180777905,1,4,1,11,1,0
42,7376.786546896168,519.4129933503812,0,0,0,3,0,1
59,10053.864851747243,696.4851633097458,0,0,1,11,0,1
48,3938.2624541593586,761.5582823548232,0,0,1,12,1,1
20,4021.1211149635556,476.5651128120078,0,2,0,1,1,1
57,7088.321754138144,540.7535740847106,0,2,1,1,0,1
63,6363.782979252623,597.3594243041073,0,2,2,14,0,1
41,8693.414651472067,628.0161158819607,0,4,0,22,0,1
67,6167.856370651928,519.0396480078354,0,2,1,28,0,1
49,4281.415818425881,642.406104446409,0,1,0,16,0,1
64,6181.309661384618,552.6160652929084,0,0,1,6,0,1
39,7217.4071611658155,598.5547729121721,1,4,1,29,1,0
40,6640.964362394729,654.62842480037,0,0,1,27,0,1
19,6014.548062214595,600.6422269810938,0,2,1,13,0,1
44,7133.349379178308,556.3614109473432,0,4,0,11,0,1
59,7338.591180891346,589.0390196074169,0,3,1,29,1,1
19,7764.317982075054,591.1637040794665,0,1,0,16,1,1
43,6297.419775179285,562.9988970117872,0,2,1,13,0,1
34,4665.763839366291,574.1203937332898,0,2,1,5,0,1
57,5293.427372866646,759.8647170504717,1,1,0,18,1,1
50,7413.017933016714,656.0919447941238,0,1,1,23,0,1
26,3366.128658025528,570.4519681970839,0,3,1,5,0,1
60,5737.346617745802,669.6954404510735,1,2,1,26,0,1
65,4213.3223753452785,566.618051024399,1,2,1,17,0,1
56,5057.489645869635,717.3124637586641,1,0,1,23,0,1
46,7556.903725214597,636.9642192198094,0,4,0,4,1,1
59,5382.198136039807,589.2697855995771,0,4,1,23,1,1
43,5092.873096312298,644.7716925810278,0,0,1,23,0,1
52,2280.2877180401615,442.91238479315007,0,4,2,5,1,1
67,6492.507132054441,487.32325310901945,0,1,1,1,0,1
42,6290.96836228215,480.6074993600945,0,4,0,7,0,1
41,9326.50944661092,614.2943094763707,1,4,1,14,1,1
30,4384.443530093999,773.2514999485091,0,0,1,14,1,1
24,5438.300655327878,823.1300146192632,1,3,0,10,0,1
53,5498.76736742151,663.8051101440757,0,4,1,21,0,1
62,8154.906559526949,650.0844474944457,0,4,0,21,1,1
37,4809.408935226096,419.8942265847261,0,3,1,23,1,1
18,5558.043051540679,545.7326200265978,0,0,1,0,1,1
25,6215.793019433078,521.2216248091761,0,3,1,17,0,1
63,5373.2182463127165,537.9152401748884,0,0,1,11,0,1
33,4107.132770898944,583.185618141521,1,1,0,11,0,1
31,5388.179985796615,552.7909422302872,0,0,1,24,0,1
29,7147.263499719544,402.0700189624212,0,1,2,10,1,1
68,2946.9694011778797,674.7910256117534,0,1,2,27,0,1
40,5265.939348293752,492.72569742601934,0,0,1,7,0,1
32,3599.7583701216536,623.924686411115,0,2,1,27,1,1
45,7390.093257849685,807.4082669749973,0,0,0,6,0,1
51,1953.6261904324506,508.06154084135767,0,4,2,22,0,1
19,3882.1563054568232,346.971247725367,0,4,1,20,1,1
49,5754.423750129042,571.3995778119889,0,2,1,1,1,1
40,8131.048058468681,710.0959634998571,0,1,1,10,1,1
39,4868.499477854024,795.8347454220594,0,2,0,21,0,1
68,3889.600946613603,477.0450405547583,0,4,1,9,1,1
42,8762.31413888118,649.6699223236521,0,2,0,2,1,1
39,2103.972199167512,553.4689543219947,0,0,1,19,0,1
39,1000.0,589.4051645695864,0,2,1,28,0,1
66,5880.028900106665,864.4343347017035,1,1,1,9,1,0
69,3995.891551294778,449.7029671604847,0,0,1,27,0,1
59,2957.534365738574,625.3739661494574,1,3,1,26,1,0
23,6416.712894598707,646.7693171765433,1,4,1,17,0,1
32,5487.601427542398,602.5207558773961,0,4,1,13,0,1
60,3871.842738526543,609.7983153470896,0,2,1,17,0,1
54,2439.391202658211,630.8050539504102,0,0,1,27,1,1
50,6744.91465656029,560.8351432578208,0,3,2,23,0,1
25,6300.402355917322,626.9126941245107,0,0,1,7,1,1
61,4801.648272441234,565.6807724502589,0,4,1,9,1,1
61,8693.273992095332,662.1571889856051,0,0,1,21,1,1
22,2859.830467347695,563.0389663956366,1,3,2,12,1,1
56,1948.9496581505223,637.7100393902186,0,2,1,20,1,1
21,3616.183860237511,597.0737186315022,0,1,0,7,0,1
23,4908.827967289004,712.6050250772169,0,0,0,3,1,1
62,5486.678898645384,594.8606276411514,0,1,0,26,1,1
49,4517.52788428734,422.6967531793118,0,4,1,3,0,1
69,5704.110793028593,726.1921500713992,1,2,0,4,0,1
47,2496.9211516191117,509.4267699137381,0,2,1,0,1,1
64,7887.5292081465195,534.623366135118,0,0,1,16,0,1
52,4835.697643214862,540.4338705956508,0,2,0,1,1,1
57,7234.591663176256,737.4438093170818,1,0,1,29,0,0
69,5685.450692755408,386.43257860213043,0,0,0,7,0,0
33,5913.506438307568,900.0,0,1,1,6,1,1
30,10054.527893995146,705.6056809066051,0,2,0,14,0,1
67,5895.41712003463,622.3238914129159,0,0,1,25,0,1
59,6285.445519735088,594.5105999383713,0,1,1,24,1,1
47,7658.305060264863,628.5554074857657,0,3,1,4,0,1
36,5393.04233940294,652.1122428379339,0,1,2,1,1,1
34,6418.007515177024,664.5215585950057,0,1,1,6,1,1
36,4820.528611425547,655.5604466003449,1,0,1,7,1,0
45,7880.234430898945,608.9580681255248,0,4,1,27,0,1
43,3647.2153958814606,580.2661579692674,0,4,0,6,0,1
54,8601.880865821631,584.8726716346488,0,4,1,29,1,1
43,4919.684098711313,580.5091719647319,0,1,1,6,1,1
40,2138.4497957639037,713.3770096867065,1,0,1,27,1,1
26,5256.208829821579,659.3556722280862,0,2,1,13,1,1
29,3637.8966850502384,305.96113653357196,0,1,1,20,0,1
18,6681.287097977448,665.5900776529761,0,1,1,17,0,1
18,3694.752041395218,619.4736194718774,0,0,0,5,0,1
64,4107.633133570441,598.1291243554102,0,3,1,3,0,1
51,1220.9185381089378,561.1481546911114,0,1,1,9,0,1
49,4095.3873615018465,712.4112719986014,0,3,1,17,1,1
65,1000.0,694.7526462122858,1,3,2,11,0,1
42,1832.1943530285535,522.7122332176391,0,4,2,15,0,1
57,6520.829312288595,640.7052287124535,0,0,0,24,0,1
62,5261.583269565084,602.5207558773961,1,3,1,6,1,1
18,5850.915123569929,462.03818352110693,0,0,1,5,1,1
33,3066.0477137415737,537.3282775410034,0,4,1,27,1,1
56,4904.577287716041,686.2393472382759,0,0,1,4,1,1
22,4992.794921818863,695.3125045376087,0,1,1,2,0,1
39,2683.2706216149145,651.3085420097293,0,3,0,11,1,1
46,8006.7966035343015,672.5095786847997,0,0,0,14,0,1
20,6754.724581151343,651.6178287114958,1,2,0,9,0,1
29,4558.071652340672,535.8518404777047,0,0,1,25,1,1
43,5053.771677989062,643.192254467394,0,3,0,19,1,1
33,5416.765615895105,680.0409525227682,0,4,1,18,0,1
68,1000.0,675.4291329813574,0,4,1,15,0,1
54,4505.645234958806,718.8913371474644,0,3,0,27,1,1
39,5261.583269565084,670.8303847201064,0,1,1,10,0,1
46,2996.759980210169,635.1448207541583,1,1,1,7,0,0
31,4437.79941422809,707.0150238316428,0,4,1,2,0,1
45,8595.373053699044,597.347874075094,0,4,0,22,0,1
22,6281.68572253402,511.81253487722825,0,3,0,6,1,1
64,3857.6420204344067,583.6933036056237,0,1,1,22,0,1
66,6145.165562712317,525.5097355193551,0,4,0,28,0,1
47,7798.710873172004,532.4821725025619,0,1,1,6,1,1
63,6849.267365825537,585.5481329284482,0,4,1,13,1,1
69,5119.260739840348,520.7580079000039,0,0,0,1,0,1
22,3706.126444588852,569.203847036096,0,2,0,9,0,1
29,6396.44662722718,410.63853330462143,0,0,2,18,0,1
33,5786.970770843499,621.3293707372939,0,4,1,25,1,1
43,6790.386440055465,600.1205475362224,1,2,0,8,1,1
43,6270.343603363939,518.2911368931809,0,2,0,15,1,1
65,7099.10543063867,665.9245668432405,0,4,2,18,1,1
38,3929.5295768788637,693.7570137626558,0,4,1,17,1,1
56,7634.788131268651,439.2440135631026,0,1,0,8,1,1
53,5395.199209384799,523.7275221433786,0,4,1,15,0,1
50,9150.521745250531,523.0857650212702,0,3,1,12,0,1
47,3621.6243638208643,506.00968988911353,0,4,1,9,1,1
54,8471.927606330499,682.9474841931749,1,3,1,24,0,1
40,5395.821566925296,580.6173861227196,0,4,1,19,0,1
27,3697.163992771103,573.5485158689389,0,1,0,13,1,1
22,4032.228331891357,399.61376355932464,0,3,1,11,0,1
53,4359.3053836113595,663.5418030209227,1,0,0,24,1,1
51,5848.3318928038325,476.07416051465276,0,3,1,18,1,1
69,6045.670976070999,605.9932630266328,0,1,1,6,0,1
48,3852.599992122842,627.7376937958192,0,3,1,22,1,1
27,4951.290815478034,736.0658595838651,0,4,1,14,0,1
36,9284.540717223728,469.1179600880888,0,4,1,15,0,1
49,8455.086340201422,300.0,1,1,1,26,1,1
18,5872.647339348065,618.3849544753695,0,2,1,7,1,1
22,5076.0069563364,780.0511181510853,1,4,1,9,1,0
62,5240.062653436523,723.8946352939438,0,0,1,3,0,1
21,6227.035945460833,620.9659415274626,0,1,1,18,1,1
33,2954.414869603189,550.8363814367953,0,3,1,18,0,1
41,4485.246925153309,680.7122596637311,0,3,2,27,1,1
33,1662.8318522448212,502.64538002955317,1,0,0,20,0,1
19,5798.446245210558,647.635776935622,1,4,0,26,1,1
66,6294.3918794054825,650.5470159166626,1,1,1,14,0,1
45,4033.627075401252,706.0209907498879,0,0,0,13,0,1
49,8147.9735265800655,875.9660038911078,0,4,0,0,0,1
44,2548.4686739953177,639.2415967178767,0,1,0,15,1,1
37,2071.2502395803594,549.1036374292502,1,3,1,9,1,1
41,5448.903637119944,597.4425687808006,0,1,0,18,1,1
29,7094.19660522431,423.09240951108814,0,2,0,29,0,1
67,8367.855382915737,530.5286868910941,0,1,1,21,0,1
52,4082.23147426212,559.0717561886896,0,2,0,2,0,1
50,7157.361666862591,547.5911602065407,1,1,1,4,1,1
50,4922.983060998586,615.2354872033721,0,2,1,8,0,1
68,4654.7454001183605,517.7580067617799,0,3,1,17,1,1
60,6767.319874973345,712.1030667324471,0,4,0,10,1,1
54,6304.64575682684,600.0207064918197,0,2,1,15,1,1
29,1847.2156860315013,599.0699678861386,0,2,1,1,1,1
20,7953.080699451792,567.2105283487082,0,3,1,11,1,1
18,7760.182708294903,615.5190683858979,1,2,1,21,1,1
50,3748.874596980941,682.5098264667635,1,0,1,5,0,0
57,5791.607066874818,513.28697842891,0,3,0,10,1,1
27,5988.060372565477,534.1883510924744,0,0,0,26,0,1
60,5521.347531647814,569.6273971223335,1,3,1,7,0,1
61,3899.3896923091597,465.41290765267854,0,2,1,11,0,1
46,3656.7532641238968,602.5207558773961,0,0,1,28,0,1
30,4948.891858017109,552.3779126455341,0,2,0,26,0,1
29,7345.458038518729,687.4389180712727,0,3,1,29,0,1
48,6087.200309188865,626.2561329001925,0,2,1,1,1,1
63,4258.771335827788,619.3589911367544,1,0,1,8,0,1
19,6543.39742129669,685.0897962167973,0,0,0,14,1,1
68,1000.0,586.2628211600603,0,2,0,1,0,1
67,7297.531400744207,639.046484992889,0,1,0,28,1,1
52,1520.5724424438008,589.6778247067504,0,3,0,0,1,1
40,4275.118117193736,626.5362349399628,0,3,1,9,1,1
34,2760.6602107477124,541.7241342388418,0,2,1,1,1,1
43,5261.583269565084,356.1182841723571,0,1,1,11,0,1
25,7321.653574757039,586.5720837813695,0,0,1,22,1,1
46,4064.5975973762174,742.274813609994,1,4,1,7,0,1
43,5693.007763461432,692.6215402241593,1,4,1,4,0,1
27,4906.158842241632,696.539748459117,0,2,1,21,1,1
43,5954.081654446243,723.6130721806218,0,1,2,27,0,1
51,5261.583269565084,608.8657590961437,0,1,0,0,1,1
68,5261.583269565084,619.7315707405595,0,3,0,14,1,1
58,6992.53363889428,538.234810456565,0,0,0,5,0,1
24,4012.486833677375,568.392714397295,0,1,1,11,0,1
21,1886.836202680498,661.5771149771142,0,4,0,7,0,1
67,4143.7696780681745,720.3884437168816,1,0,1,12,1,1
62,8001.519581268622,586.0553724319001,1,0,0,18,1,1
28,6700.443484226986,554.9810735148588,1,2,1,26,0,0
46,4302.695731184282,600.0527958856597,0,1,2,0,0,1
53,4301.4845913631425,660.1206748929114,0,2,1,10,1,1
42,4356.729897565235,455.61451838664584,0,1,1,19,1,1
38,9153.495967121682,370.3819046862762,0,3,2,0,0,1
53,5763.870904463107,544.9463150508417,0,2,1,29,0,1
27,5860.083294382139,477.92875740858415,0,2,0,7,1,1
54,7060.566908063684,549.185980235269,0,4,0,4,0,1
26,5477.578318053027,585.2219681182529,1,2,0,16,0,0
41,4481.915708358594,554.6751590976986,0,1,2,29,1,1
52,5261.583269565084,745.2467534470745,0,4,2,7,1,1
66,4856.797481171872,632.674476460232,0,2,1,24,0,1
52,4925.555526980317,630.0474359610828,0,2,0,9,0,1
65,6455.25908727396,662.2207144043402,0,3,0,1,0,1
53,5103.891771614599,486.1166882219231,0,2,0,8,0,1
35,6465.280154431159,703.9111787420269,0,0,1,23,1,1
66,4838.566839782836,592.423571346454,0,4,0,22,0,1
56,5157.2703806321815,667.0480617241212,0,0,2,2,1,1
49,1003.5986309357845,492.81427669598446,0,4,2,17,1,1
41,6832.655349404963,444.6241233983936,0,3,1,6,0,1
40,5692.976951795986,681.7889658025028,1,2,1,14,0,1
49,6996.020219719305,637.6409526097517,0,2,1,20,1,1
54,1000.0,509.79484456424893,0,2,0,21,1,1
29,9176.749409561455,513.0336918725305,0,4,0,19,1,1
66,4720.820743689653,712.543478441477,1,2,1,17,0,1
30,7216.365633475033,481.05881071326723,1,0,1,24,1,1
40,2920.188145748938,764.2672953255964,0,2,1,2,1,1
42,5261.583269565084,509.93792653521314,0,3,1,27,1,1
52,2893.1688736526876,663.8391925608383,1,0,2,29,0,1
58,3752.4620786083897,567.1381524251016,0,2,0,22,1,1
47,8828.062707733572,660.3187431082343,0,2,1,13,1,1
34,4618.635198473306,545.5885997885807,0,1,1,23,0,1
66,5434.865746359445,583.7207093927706,1,4,1,1,0,1
37,6740.135461377508,604.0919175395721,1,0,2,13,0,1
65,5991.363775945209,499.78125442185274,0,1,1,21,0,1
42,5300.837810287153,674.0824345420126,0,3,1,10,0,1
39,5729.92200493245,548.6786433528415,0,4,1,15,1,1
30,9806.831170476551,577.1400084659981,0,0,0,7,0,1
36,4884.762405932829,500.56506253914876,1,2,0,6,0,1
66,5402.198093429935,343.76663412046895,0,0,0,10,1,0
53,7101.308792015224,580.8972237399831,0,2,1,2,0,1
29,7211.051865915968,841.2615421612916,0,4,1,16,0,1
58,7374.06061112076,678.4604287898023,0,2,1,13,1,1
36,6277.460444058369,602.5207558773961,0,3,0,5,1,1
29,2713.990174539033,573.7109170791732,0,2,1,7,1,0
26,5261.583269565084,602.2465892812046,0,3,1,21,1,1
24,5261.583269565084,654.711911517521,0,4,0,4,0,1
45,5605.2709304780665,481.9187184691155,0,4,0,26,1,1
31,3491.448299961284,711.4321694668872,0,0,1,27,0,1
48,4871.723306814015,671.5381315441244,0,3,1,7,1,1
69,5657.524820606961,671.8185725707934,1,3,1,1,0,1
36,5642.714430900546,643.8475738809727,1,1,0,14,1,0
64,5843.841508470569,601.961665769399,1,1,0,11,1,1
33,8227.422538117295,667.286123596682,0,1,1,16,1,1
22,5907.068603027959,659.1814133741378,1,2,1,0,0,0
52,4511.686729418702,564.5959289058976,0,1,0,14,0,1
29,6928.174336576714,542.6398227103099,0,3,0,13,1,1
42,7378.940977849281,610.1856295261987,0,2,1,19,1,1
69,2544.784369726015,754.9020151495188,0,4,1,21,0,1
38,6194.800139699716,476.0892924346099,0,0,1,15,1,1
53,6402.3454846217965,453.247473424756,0,1,1,28,1,1
40,4404.872993280016,616.4760841236516,0,4,2,8,0,1
33,7751.413626623239,605.0887701856018,0,3,0,0,1,1
56,4699.888825934947,617.3341664370408,0,0,0,27,1,1
62,5251.152906943084,624.3953197908501,0,4,1,16,0,1
59,4653.85635143226,577.6797745365195,0,0,0,28,0,1
56,5031.158095162935,748.9863438602082,1,1,1,12,1,0
31,5261.583269565084,602.5207558773961,1,3,1,20,1,0
48,2119.8982348114114,517.1502975219754,0,0,1,25,0,1
22,8189.010126449944,589.6745239850952,0,4,1,20,1,1
52,3306.077303363344,435.68111888458327,0,1,0,4,1,1
40,3017.2153010873853,582.4145595567929,1,1,1,9,1,1
46,1000.0,766.1470165728018,0,4,1,5,0,1
60,3722.0765046209954,602.0886488295962,0,4,1,23,1,1
28,2353.8204131850034,623.0700905718684,0,0,1,18,0,1
35,8284.030320272737,473.983523482742,0,2,1,24,0,1
64,7019.634178685268,538.3638591960522,0,1,1,12,0,1
29,3623.699309644552,562.4803619676063,1,0,0,0,0,0
26,5261.583269565084,568.2284903243766,0,4,1,19,1,1
27,6963.530973983188,728.1643795003769,0,0,1,24,0,1
61,4350.337232982755,655.7691060725125,1,4,1,14,1,1
34,1000.0,488.8542043062968,1,3,0,13,0,0
55,9581.885145181484,624.6504778432005,0,4,1,7,0,1
24,2220.855066472808,649.8221748496785,0,4,1,9,1,1
63,1709.2025060862165,714.0149038521266,0,4,1,8,1,1
30,7045.14086401928,758.0540686568373,1,2,1,16,0,1
57,9879.504812678546,498.49058081721313,0,4,1,8,1,1
59,7768.545637021036,518.9142488789662,1,1,0,2,0,1
26,6127.81824010472,474.2422141085384,0,1,0,10,0,1
67,6189.508683330572,576.5980140893018,0,0,1,11,1,1
44,6706.831117560616,646.6358374446335,0,2,0,9,1,1
19,6517.85717957353,698.7334516589102,0,0,0,24,0,1
22,5562.382847938752,592.4048976357477,0,1,1,16,1,1
46,5208.402207903752,568.0152476745156,0,1,1,16,1,1
54,4874.813744200956,615.175799224874,0,3,1,24,0,1
55,3492.070822266647,516.4857098369977,1,4,1,10,1,1
36,4438.649846266452,808.9538721694773,0,1,0,29,1,1
25,1614.086371609229,439.23389728819416,0,0,0,21,1,1
65,4803.3207464105,618.4740578895725,0,0,2,3,0,1
62,3022.817785698165,802.3606219229639,0,4,0,6,1,1
18,2792.821365568458,600.6799844559998,0,4,1,20,0,1
39,5359.788302306957,580.9960964998505,0,3,1,25,1,1
69,7784.0045726891985,564.2554577189572,1,2,0,13,1,1
34,6836.633212004626,602.5207558773961,0,0,1,6,0,1
24,1858.9987927536458,737.284847467653,0,4,0,23,1,1
42,3020.743726859325,378.8138088670493,0,0,0,7,1,1
62,6881.542375976432,753.3433701296326,0,4,0,0,1,1
21,3035.025212923381,457.6042847549855,0,1,0,23,0,1
53,4550.733700005951,573.3347670765585,1,0,1,21,0,1
23,6100.104198049104,557.0755579701338,1,1,0,3,1,0
48,3063.3110902727294,658.855326977072,0,0,0,28,0,1
36,10054.527893995146,440.18756481162524,0,2,1,29,1,1
61,2331.949010163591,646.2172666081943,0,3,0,11,0,1
56,3797.2647120975726,802.4309623286853,0,1,1,23,0,1
44,5639.563868285074,463.68259954071897,0,4,2,2,0,1
27,1814.0125329366615,602.5207558773961,0,2,1,12,0,1
43,5880.949475920798,533.8017822203391,0,0,1,19,1,1
36,4960.724402146638,642.5887206193036,0,1,1,5,0,1
56,5261.583269565084,601.9147777415752,0,0,0,10,0,1
20,5447.828268129323,535.851309095569,0,0,1,22,0,1
62,5261.583269565084,648.7872284871074,0,0,1,3,1,1
30,5250.4490052958145,780.4348109786742,0,3,1,19,0,1
67,4141.188917749494,580.9096208272701,1,3,2,15,1,1
45,5244.595006064567,671.9757942148182,0,4,1,6,1,1
37,6086.596058072776,470.6727042128836,0,1,1,21,1,1
45,5097.720140651409,504.3563623181991,0,2,0,28,1,1
25,5081.183382407765,647.2406277880377,1,2,1,10,1,0
58,3596.016624386489,748.4116028535965,0,2,2,23,1,1
56,5261.583269565084,635.561334878566,0,0,1,0,0,1
18,2194.789456400613,568.6941969476845,0,3,0,25,0,1
20,8499.153486373878,599.9291405423354,0,1,1,28,0,1
30,2512.2735292174298,474.95922660302824,1,0,1,26,1,1
45,3614.1896044081855,660.4515326355366,0,3,0,6,1,1
66,3563.185468861605,688.233306232341,1,3,1,11,1,1
42,6789.848753888882,554.790966716692,1,1,0,6,0,1
50,4410.100643415944,552.9957852240499,1,1,1,26,1,1
55,7495.484145347467,626.5878229652049,0,1,1,22,0,1
23,3653.018751512263,556.3280263959405,0,0,1,6,0,1
61,5557.988324447604,593.3867385374177,0,4,2,9,0,1
62,3329.3058934804853,809.9721789166515,0,1,1,29,0,1
49,5261.583269565084,575.2974299254004,0,4,1,15,1,1
62,2624.8031619409744,564.1659847978777,0,0,1,25,0,1
64,5619.641420454055,535.2458194364841,0,4,1,7,0,1
38,6267.553761864197,674.4191971499937,0,2,1,8,1,1
33,5827.5981949029965,581.8775826781897,1,4,2,8,1,0
38,4629.424682244584,535.0626961678574,0,1,1,1,1,1
28,5261.583269565084,732.1304032273013,1,0,0,12,0,1
54,5087.622943958219,741.9603004513638,0,1,1,12,1,1
53,4705.995996743023,539.9576434261295,1,2,0,22,1,0
52,6927.75823358982,602.5207558773961,0,1,2,22,0,1
36,9421.046003182702,700.7513689836923,0,1,1,3,1,1
37,3885.0164299843327,531.5370174239996,1,1,2,24,0,1
35,2260.3940408418443,679.0625599162769,0,3,1,23,0,1
64,4823.435903297491,402.9896182288164,1,2,2,11,1,1
58,10054.527893995146,689.259733829931,0,1,0,16,1,1
66,3392.6508640605384,478.8828070719219,0,1,1,1,0,1
31,8278.233610888135,673.0764119066524,0,1,1,12,1,1
32,8355.401628152882,601.4273067836434,0,0,1,28,1,1
48,3892.8235165840106,504.6060580603355,0,3,1,17,1,0
18,6137.966158370551,559.2963687073219,0,0,1,27,0,1
20,8256.793246257075,668.6318456956701,0,3,1,27,1,1
33,4241.744518025026,610.5894453115234,0,1,1,26,0,1
40,5261.583269565084,658.4412980472484,1,2,0,14,1,0
28,3836.638172102713,797.6440584515485,1,4,1,7,0,1
29,2970.4865386142665,443.57583882889486,0,4,1,14,0,0
27,3701.444909867986,761.7212574968623,0,1,0,0,1,1
49,2552.119466475487,610.4355937523213,0,0,1,19,0,1
33,5068.1669365184525,510.1215951676872,0,2,1,9,0,1
25,3460.0535378827162,466.96863742610105,1,3,1,11,0,1
55,5467.571823581496,581.0879609222967,1,1,2,4,1,0
29,5261.583269565084,692.165011192446,0,2,0,8,0,1
41,5661.760464428914,587.2450879622465,0,2,1,22,1,1
45,6667.05792321785,751.1154930247347,0,3,0,7,0,1
25,1012.5287148570892,454.88243099484407,1,2,1,15,0,0
45,5748.113139695144,598.7911052153945,0,0,0,13,0,1
53,7455.337984946585,474.7606555586881,0,0,0,26,0,1
43,2580.717962617589,636.3631882624968,0,0,0,24,0,1
25,8345.144773675407,688.68873900973,0,2,1,12,0,1
67,5838.038018732091,557.9238206318946,0,0,1,22,1,1
45,3589.9762884831825,339.5786143372866,1,3,1,20,1,1
45,4888.461844684588,619.8948146796495,0,2,0,12,0,1
54,6116.653825043445,643.673855173351,0,4,1,4,0,1
58,5152.010782824823,640.4294754961697,0,2,0,15,1,1
53,6077.511984892739,723.5782191822154,0,3,2,25,0,1
44,3158.6528138412677,492.8946320350951,0,4,1,10,0,1
34,5338.721648072156,602.5207558773961,0,2,0,21,1,1
26,2172.5710061900395,719.2507512477976,0,0,0,4,1,1
50,4777.5478773026,422.1412415993483,0,1,2,12,1,1
37,3192.1847170704204,631.9651825918977,0,1,2,27,0,0
30,3528.940114820467,549.5820168992328,0,0,0,10,0,1
45,7472.186350420874,591.8477326898354,1,1,1,24,1,1
65,7182.620241188538,634.7676483538337,0,1,0,18,0,1
46,6218.276241814354,602.5207558773961,0,0,1,2,1,1
30,2815.374470654842,532.4291920838389,0,0,0,14,1,1
63,4367.183100610397,603.4152417488025,0,2,2,6,0,1
52,7426.195399958367,491.2754061137197,0,2,1,6,1,1
23,5283.4338272798095,491.4174871114815,0,0,0,5,1,1
35,9638.659079963389,667.9373282956503,0,3,1,2,1,1
68,5786.6356787887435,485.1205964841344,0,1,1,29,0,1
22,5384.098232980064,666.6312500909212,0,2,1,12,0,1
64,4381.767071594997,646.2591292853951,1,1,0,6,0,1
42,5267.0818095645645,427.41932712094035,1,4,2,4,0,0
19,4695.060327238913,532.2435347664345,0,0,2,22,1,1
27,6416.217353377181,719.4109403047372,0,3,1,17,0,1
47,6913.404633589168,501.88344688603183,1,4,0,21,0,1
67,3428.021078984101,553.5595737690612,1,4,0,29,0,1
62,2337.534092884444,646.2060893251896,0,4,1,7,1,1
22,1327.589253793407,678.3390509282596,0,0,1,16,0,1
50,6015.982653825087,574.8461113955505,0,2,1,19,0,1
18,2793.266787652253,540.2489805308359,0,0,2,26,0,1
35,1000.0,742.2369861698508,0,2,0,0,1,1
49,5777.157209061928,773.8899663797579,0,4,0,13,0,1
64,9985.999034865581,697.8858050781796,0,4,1,16,1,1
66,4987.858176920214,608.5318142565025,0,3,0,9,1,1
28,6676.9815489032835,519.1734278359073,0,2,1,11,0,1
38,5163.65871709513,516.9555593443434,0,4,1,15,1,1
43,4802.2206936177145,652.2514105265758,0,1,0,13,0,1
42,6838.152965975537,641.8398220888683,0,3,1,29,1,1
39,4419.450911622697,740.159859294643,0,0,0,26,1,1
44,5534.784628143806,665.0450092536139,1,3,1,15,0,1
66,5643.395612392027,449.6919698240182,0,1,0,7,0,1
30,3663.8190927139026,705.1947617722918,0,2,1,22,0,1
50,6984.084699073046,500.1939372685587,0,0,1,27,1,1
51,4650.080486609183,561.6028728047648,0,0,1,9,0,1
58,3488.5096810143104,625.0200206251694,1,2,1,28,1,0
52,6073.019687140807,799.5667489783964,0,3,2,16,0,1
18,3203.0640364179253,900.0,0,4,1,26,1,1
38,5056.362314738257,660.6723059136183,0,3,0,29,0,1
65,4981.762006711593,581.6803381279612,0,1,2,28,1,1
23,7171.791131663156,653.450564848055,1,4,1,17,0,1
45,5949.396465759905,688.7655425873836,1,3,1,19,1,1
34,4949.946082509712,567.9332374442808,0,2,0,15,0,1
22,6635.532598400574,779.5211355912322,0,1,2,16,0,1
48,5261.583269565084,623.0070759191402,1,1,2,15,0,1
22,6115.620612703724,649.7743089091394,1,1,1,18,1,0
55,5020.705239686761,666.5924252054461,0,4,0,23,0,1
20,2376.3275352996807,642.1586610614456,0,0,1,23,1,1
40,2869.7726738492547,683.8940500469612,0,4,2,7,0,1
54,4389.550591290665,538.2746813453077,1,3,2,5,1,1
54,3780.975595681434,544.1698246053969,0,0,1,5,1,1
27,4626.057394029108,489.9845767028305,0,3,1,20,1,1
27,5113.299849794214,643.9501230620226,0,0,1,28,0,1
36,6059.385508713462,677.8936503512114,0,4,1,8,0,1
34,4859.002443881817,645.7772866151886,0,1,0,3,0,1
38,5973.003287652404,767.4492433347538,0,2,1,25,0,1
31,5128.948829620241,599.4403981170954,0,1,1,11,1,1
26,1049.0668672922575,666.8741655592513,0,4,1,27,1,1
63,3121.3292123624915,490.8299123860686,0,0,2,11,1,1
18,4711.824888556769,602.5207558773961,0,1,0,22,0,1
68,2580.6105143177847,669.5537757565778,0,4,1,16,1,1
62,6199.857459992409,684.9102110743144,1,3,1,14,0,1
30,8061.501664687395,570.6033052335818,0,2,2,8,1,1
21,7437.523703394633,592.8400748141934,0,1,0,6,0,1
18,4573.114258139584,448.21262533191907,0,0,1,9,0,1
66,7981.452273699904,564.297079919339,0,3,1,15,0,1
57,5297.334914404223,689.0383163519787,0,4,1,11,1,1
49,4325.828057763922,657.5205016106567,0,2,1,24,1,1
51,3773.1946729181204,650.0665721381209,0,0,1,6,0,1
45,4395.060627023743,604.977368718096,0,4,2,17,0,1
48,4223.646362917542,600.7063158628176,0,4,1,14,0,1
25,10054.527893995146,533.9678860526553,0,1,0,5,1,1
56,5261.583269565084,669.8828420202535,0,1,1,25,0,1
43,5006.0920403068285,642.097294438939,0,0,0,11,1,1
51,5873.8763394927,649.2018847992799,0,4,0,10,1,1
20,7381.292549572683,547.3965157332419,0,1,1,19,1,1
67,6899.108270882647,384.6657080128756,1,2,1,2,0,1
29,2030.2040631001928,709.7152711753696,1,2,0,1,1,1
18,1000.0,552.1162543991596,0,4,1,5,1,1
61,6868.639822478547,513.7224235956879,0,1,1,23,0,1
22,2266.242603169158,669.3478911913994,0,0,1,21,1,1
47,4550.469196214633,560.7987360080871,0,0,2,24,1,1
47,2659.773947881281,705.9936384046622,0,0,1,29,0,1
34,1396.0391248399606,661.7005949576698,1,2,0,4,0,0
65,6082.925456409576,668.3569323200478,0,1,1,17,0,1
64,6518.310320605294,463.4044288799466,1,1,0,15,1,0
40,3846.979198546561,721.19439853864,0,2,1,7,0,1
32,1000.0,626.1250531233856,0,0,0,24,1,1
54,3907.5111034950346,563.0722860753797,0,0,1,29,1,1
38,5783.608010805093,614.3388467342251,0,4,0,25,1,1
31,2042.1768624517426,422.376476710168,0,3,0,19,0,1
19,5366.719839558311,640.8652811480671,0,1,1,21,1,1
28,4969.380301654009,497.06284918179284,0,1,1,10,0,1
68,6158.582999202177,464.73297141564655,1,1,1,9,0,1
56,5239.160736828307,447.7640813782109,0,3,1,23,1,1
55,3053.862118236889,711.2688374989925,1,4,0,24,0,1
51,7393.143003328983,537.0736606307212,1,3,1,11,1,1
55,4682.94085394606,753.37277099165,0,0,1,20,0,1
67,4945.390920980136,546.4198536947703,0,0,0,27,0,1
51,3133.464081853608,429.26420424070534,0,1,1,5,0,1
35,4113.43549761698,488.3475560051341,1,2,1,26,1,0
47,3230.394571946198,723.5811620006939,0,1,1,19,1,1
32,4654.107880153154,584.4101822063333,0,2,2,4,1,1
44,8423.416960284687,545.17127035094,0,3,0,22,0,1
68,2256.197714137287,616.0018225852788,0,0,0,8,0,0
51,1772.8772042465175,650.1782736167545,0,2,1,25,1,1
69,7942.340654987217,711.7398815902461,0,3,0,26,0,1
55,4581.352645696268,744.8499229892926,0,0,1,28,0,1
50,3661.854522680167,564.0231354210914,1,2,1,15,1,1
41,7079.809374792153,467.3952313917962,0,1,1,21,0,1
32,3788.768920526272,558.6534838876723,1,1,1,13,1,0
47,8652.019427093872,626.0280506582886,0,1,1,21,1,1
59,6355.851742678538,503.6241073789389,1,3,1,7,0,0
68,4024.177183708595,504.2849085104957,0,1,1,26,0,1
34,9314.616426531007,634.3787881549886,0,4,1,19,0,1
22,5261.583269565084,595.1347648429548,0,0,0,18,1,1
46,6484.190744018614,603.2796995411586,1,3,1,13,1,0
21,5598.585160812984,524.1504665299931,0,1,0,6,0,1
27,7603.482578797596,576.9599285794233,1,0,1,4,0,1
34,8123.022393453705,507.5766855731696,1,2,0,17,1,0
27,5064.008298131534,689.0198411124787,0,1,1,1,1,1
34,3493.164259307633,703.5249334723752,0,0,1,10,0,1
37,5919.944285878233,415.38121377619063,0,4,1,21,0,1
41,3644.5692604957876,507.048913980759,0,2,0,7,0,1
22,9026.774495053247,450.3470744909921,1,4,0,0,1,1
51,5273.0706621654745,534.9976065593102,0,0,1,26,1,1
23,4269.356897375783,591.6562030209639,0,4,1,21,0,1
19,5369.360611729817,455.035478030147,1,0,0,11,1,1
30,2305.747420940607,507.81401868746866,0,0,0,1,0,1
60,3056.771922978697,499.60426279185015,1,4,1,17,0,0
60,7400.827815888851,620.7267329398944,0,0,1,6,0,1
65,3686.211442057209,606.934433703625,0,1,1,25,1,1
28,2906.1780346361206,527.8262446662746,0,0,0,16,0,1
68,6073.305505054573,617.6820872139398,0,3,1,21,1,1
64,7371.408309325994,545.3319915412735,0,0,2,29,0,1
40,6437.906621330134,572.8344889673947,0,3,1,22,0,1
33,6992.095371611633,767.3452090298537,0,0,1,13,0,1
48,3486.4098228610783,734.0461051790348,0,0,1,23,1,1
28,2156.3786665163125,470.0418763072403,0,4,2,6,0,1
33,8002.667303910974,682.9732417879175,0,1,0,21,1,1
25,4354.640322315729,681.1396554491592,0,1,1,24,0,1
21,4498.333967089905,485.1736711247382,0,2,0,28,0,1
57,7656.388283698116,681.8777643754861,0,4,1,2,0,1
21,6112.46001880132,753.7931918412553,0,4,1,26,0,1
42,5911.775544163215,487.7455193755586,0,1,1,5,0,1
20,9330.004689802168,508.24971789857364,0,4,1,19,0,1
49,3712.963539239714,701.7661466843502,0,1,1,1,1,1
20,6855.6802561624745,627.1495310825647,0,4,2,16,1,1
44,5114.026249794169,655.1476275239523,1,0,1,11,0,1
46,5537.184557726514,634.0589216400497,0,1,2,11,0,1
49,8056.936852825063,639.0695920928144,0,1,1,29,0,1
67,6015.671512579247,467.3527871688917,0,3,0,16,0,1
68,6076.592158099265,704.7317706621449,0,4,1,26,0,1
36,7145.014674619604,716.9589992427774,1,4,1,9,1,1
38,4270.09454091423,577.0609255931972,0,1,1,2,0,1
22,3321.580665321987,595.6523050186138,0,0,1,19,0,1
35,2910.381611957933,446.8892497444278,0,0,0,17,0,1
45,1067.2868212479966,651.4254756017835,0,0,1,12,0,1
59,9112.414259880645,657.2057441714144,0,4,0,11,1,1
39,2793.583268556634,593.7808983000689,0,3,1,26,0,1
38,4557.492752828456,712.4353359870503,0,1,1,26,0,1
23,4446.373400222159,566.592276902006,0,2,1,29,1,1
18,5614.813395618202,656.46059258936,0,3,2,26,0,1
22,6631.474425078593,498.0335661307885,0,2,0,16,1,1
58,6720.9469767194905,597.6447849125761,0,3,1,3,1,1
29,3833.8451228621234,582.5645742097164,0,0,1,22,0,1
43,4665.756572427177,622.5307922040942,1,4,1,9,1,1
63,5565.1599009766,563.0473071166641,0,2,2,10,0,1
51,4502.617747632906,586.8527404328332,1,3,0,5,1,1
66,8214.691152039984,682.6047171441506,0,4,1,5,0,1
31,5981.9499032765025,556.3235762761783,0,2,1,26,0,1
43,6469.755572099635,439.3422899261321,0,1,1,8,1,1
62,6325.7625373348255,774.9583904205421,0,3,2,29,1,1
44,7346.94771497065,738.1454078690487,0,1,1,14,1,1
26,5362.043117407414,470.7737304894381,0,0,0,1,1,1
43,2406.336104088307,668.9707805245195,0,1,1,3,0,1
64,5799.3759035052835,549.7025229448657,1,1,0,4,0,0
39,3697.286212416342,626.348721533106,0,3,0,16,0,1
64,3942.766636500486,629.4224129013494,0,0,0,7,0,1
47,6172.728037510186,576.5592199683678,0,1,0,7,0,1
60,7476.566142867272,521.6234334413604,0,4,0,21,1,1
65,5042.543153472123,530.945894768374,0,2,1,11,0,1
34,5617.666025197927,508.38080845187574,0,1,1,20,0,0
43,8404.429889270476,516.8177791769556,1,0,1,7,0,1
53,5481.506358977136,593.2821709950645,0,1,2,18,1,1
18,10054.527893995146,528.4240010889248,0,2,1,2,1,1
25,6131.019291263088,668.205206571262,0,0,0,17,1,1
66,1478.4744816883644,748.7246155335927,1,3,0,20,0,1
52,6506.683242209065,541.9946758629957,0,0,1,18,1,1
69,5762.316769765555,623.9404500535377,0,3,1,18,0,1
32,7579.505508165492,649.9685110302934,0,0,1,14,1,1
64,6346.362702539916,647.2002270919274,0,2,1,5,1,1
39,4723.088032032452,607.5955267916088,0,2,1,15,0,1
31,2551.4035274212683,674.2682418359723,0,0,1,7,0,1
43,4581.953485427949,648.2248952680657,0,1,0,15,1,1
45,3298.9590915813997,476.2337577672702,0,2,2,17,0,1
40,3838.9531003905545,686.9156064389273,0,3,1,19,1,1
31,6177.156808841219,688.7290837266742,0,3,1,15,0,1
41,8339.809008702812,523.6713895821418,0,4,1,10,0,1
19,5789.343059645962,603.7937835447602,0,3,0,6,0,1
62,2608.2338759296313,668.332899281107,0,4,0,16,0,1
43,5889.205336440282,579.0686180420638,0,0,1,16,0,1
31,7393.262973291303,707.2978047766012,0,0,1,11,0,1
68,3780.4341913612357,836.3872494619361,1,0,0,12,1,0
24,4731.965666654165,521.4013967365017,1,1,0,9,0,1
20,5029.376389458394,461.8955396846225,0,1,1,6,1,1
64,3430.2033738355203,602.5207558773961,0,4,0,13,1,1
40,6296.560867687718,672.1562505126144,0,3,1,22,1,1
63,4758.103702784437,576.913362615523,0,3,1,0,0,1
60,5839.0648878140555,745.3260663321034,0,0,0,16,0,1
64,3225.0156443958,466.1394200276751,0,2,0,3,0,1
62,4125.08339935318,669.2918623031611,0,1,1,20,1,1
35,6444.762715655543,539.4139179241107,0,1,2,4,1,1
55,4254.333695816466,771.9377906207296,0,0,1,19,0,1
